asset_id,file_name,primary_scene_tag,duration_sec,description,source_url,local_path,enabled,notes,bucket,object_key
折叠动作_001,折叠动作_001_折叠收起_3s.mp4,折叠动作,3,折叠收起,,,true,,coze-video-assets-hlm,materials_v2/折叠动作_001_折叠收起_3s.mp4
折叠动作_002,折叠动作_002_折叠到打开_3s.mp4,折叠动作,3,折叠到打开,,,true,,coze-video-assets-hlm,materials_v2/折叠动作_002_折叠到打开_3s.mp4
折叠动作_003,折叠动作_003_单手折叠_3s.mp4,折叠动作,3,单手折叠,,,true,,coze-video-assets-hlm,materials_v2/折叠动作_003_单手折叠_3s.mp4
折叠动作_004,折叠动作_004_双手折叠_2s.mp4,折叠动作,2,双手折叠,,,true,素材较短，可用于快切/转场/补充镜头,coze-video-assets-hlm,materials_v2/折叠动作_004_双手折叠_2s.mp4
折叠动作_005,折叠动作_005_单手折叠_2s.mp4,折叠动作,2,单手折叠,,,true,素材较短，可用于快切/转场/补充镜头,coze-video-assets-hlm,materials_v2/折叠动作_005_单手折叠_2s.mp4
放进包包_001,放进包包_001_放入特写_2s.mp4,放进包包,2,放入特写,,,true,素材较短，可用于快切/转场/补充镜头,coze-video-assets-hlm,materials_v2/放进包包_001_放入特写_2s.mp4
放进包包_002,放进包包_002_放入特写_2s.mp4,放进包包,2,放入特写,,,true,素材较短，可用于快切/转场/补充镜头,coze-video-assets-hlm,materials_v2/放进包包_002_放入特写_2s.mp4
放进包包_003,放进包包_003_过肩俯拍放入动作_2s.mp4,放进包包,2,过肩俯拍放入动作,,,true,素材较短，可用于快切/转场/补充镜头,coze-video-assets-hlm,materials_v2/放进包包_003_过肩俯拍放入动作_2s.mp4
放进包包_004,放进包包_004_俯拍从包拿出动作_2s.mp4,放进包包,2,俯拍从包拿出动作,,,true,素材较短，可用于快切/转场/补充镜头,coze-video-assets-hlm,materials_v2/放进包包_004_俯拍从包拿出动作_2s.mp4
放进包包_005,放进包包_005_特写切远景从包拿出动作_3s.mp4,放进包包,3,特写切远景从包拿出动作,,,true,,coze-video-assets-hlm,materials_v2/放进包包_005_特写切远景从包拿出动作_3s.mp4
放进包包_006,放进包包_006_特写打开收纳袋切拿出吹风机_3s.mp4,放进包包,3,特写打开收纳袋切拿出吹风机,,,true,,coze-video-assets-hlm,materials_v2/放进包包_006_特写打开收纳袋切拿出吹风机_3s.mp4
放进包包_007,放进包包_007_包内视角切放入包动作_3s.mp4,放进包包,3,包内视角切放入包动作,,,true,,coze-video-assets-hlm,materials_v2/放进包包_007_包内视角切放入包动作_3s.mp4
放进包包_008,放进包包_008_收纳袋放入女士包_2s.mp4,放进包包,2,收纳袋放入女士包,,,true,素材较短，可用于快切/转场/补充镜头,coze-video-assets-hlm,materials_v2/放进包包_008_收纳袋放入女士包_2s.mp4
放进包包_009,放进包包_009_放入女士包_3s.mp4,放进包包,3,放入女士包,,,true,,coze-video-assets-hlm,materials_v2/放进包包_009_放入女士包_3s.mp4
放进包包_010,放进包包_010_女士包拿出远景切特写_3s.mp4,放进包包,3,女士包拿出远景切特写,,,true,,coze-video-assets-hlm,materials_v2/放进包包_010_女士包拿出远景切特写_3s.mp4
放进行李箱_001,放进行李箱_001_远景切特写_4s.mp4,放进行李箱,4,远景切特写,,,true,,coze-video-assets-hlm,materials_v2/放进行李箱_001_远景切特写_4s.mp4
放进行李箱_002,放进行李箱_002_远景_4s.mp4,放进行李箱,4,远景,,,true,,coze-video-assets-hlm,materials_v2/放进行李箱_002_远景_4s.mp4
放进行李箱_003,放进行李箱_003_远景_5s.mp4,放进行李箱,5,远景,,,true,,coze-video-assets-hlm,materials_v2/放进行李箱_003_远景_5s.mp4
放进行李箱_004,放进行李箱_004_放入动作_3s.mp4,放进行李箱,3,放入动作,,,true,,coze-video-assets-hlm,materials_v2/放进行李箱_004_放入动作_3s.mp4
放进行李箱_005,放进行李箱_005_折叠后放入行李箱_5s.mp4,放进行李箱,5,折叠后放入行李箱,,,true,,coze-video-assets-hlm,materials_v2/放进行李箱_005_折叠后放入行李箱_5s.mp4
放进行李箱_006,放进行李箱_006_放入行李箱拉上拉链_4s.mp4,放进行李箱,4,放入行李箱拉上拉链,,,true,,coze-video-assets-hlm,materials_v2/放进行李箱_006_放入行李箱拉上拉链_4s.mp4
吹发动作_001,吹发动作_001_全景吹发_5s.mp4,吹发动作,5,全景吹发,,,true,,coze-video-assets-hlm,materials_v2/吹发动作_001_全景吹发_5s.mp4
吹发动作_002,吹发动作_002_对镜吹发_7s.mp4,吹发动作,7,对镜吹发,,,true,,coze-video-assets-hlm,materials_v2/吹发动作_002_对镜吹发_7s.mp4
吹发动作_003,吹发动作_003_长发飘动_6s.mp4,吹发动作,6,长发飘动,,,true,,coze-video-assets-hlm,materials_v2/吹发动作_003_长发飘动_6s.mp4
吹发动作_004,吹发动作_004_背面丝滑_5s.mp4,吹发动作,5,背面丝滑,,,true,,coze-video-assets-hlm,materials_v2/吹发动作_004_背面丝滑_5s.mp4
吹发动作_005,吹发动作_005_坐床上吹发_6s.mp4,吹发动作,6,坐床上吹发,,,true,,coze-video-assets-hlm,materials_v2/吹发动作_005_坐床上吹发_6s.mp4
吹发动作_006,吹发动作_006_坐床边吹发背面_6s.mp4,吹发动作,6,坐床边吹发背面,,,true,,coze-video-assets-hlm,materials_v2/吹发动作_006_坐床边吹发背面_6s.mp4
吹发动作_007,吹发动作_007_半身背面吹发_4s.mp4,吹发动作,4,半身背面吹发,,,true,,coze-video-assets-hlm,materials_v2/吹发动作_007_半身背面吹发_4s.mp4
吹发动作_008,吹发动作_008_半身背面吹发_3s.mp4,吹发动作,3,半身背面吹发,,,true,,coze-video-assets-hlm,materials_v2/吹发动作_008_半身背面吹发_3s.mp4
吹发动作_009,吹发动作_009_坐着半身侧面吹发_6s.mp4,吹发动作,6,坐着半身侧面吹发,,,true,,coze-video-assets-hlm,materials_v2/吹发动作_009_坐着半身侧面吹发_6s.mp4
吹发动作_010,吹发动作_010_床上半身背面吹发_6s.mp4,吹发动作,6,床上半身背面吹发,,,true,,coze-video-assets-hlm,materials_v2/吹发动作_010_床上半身背面吹发_6s.mp4
吹发动作_011,吹发动作_011_窗帘前侧面吹发_2s.mp4,吹发动作,2,窗帘前侧面吹发,,,true,素材较短，可用于快切/转场/补充镜头,coze-video-assets-hlm,materials_v2/吹发动作_011_窗帘前侧面吹发_2s.mp4
屏显调温_001,屏显调温_001_屏幕亮起_5s.mp4,屏显调温,5,屏幕亮起,,,true,,coze-video-assets-hlm,materials_v2/屏显调温_001_屏幕亮起_5s.mp4
屏显调温_002,屏显调温_002_调节温度_5s.mp4,屏显调温,5,调节温度,,,true,,coze-video-assets-hlm,materials_v2/屏显调温_002_调节温度_5s.mp4
屏显调温_003,屏显调温_003_温度模式_3s.mp4,屏显调温,3,温度模式,,,true,,coze-video-assets-hlm,materials_v2/屏显调温_003_温度模式_3s.mp4
屏显调温_004,屏显调温_004_开机亮起变温_5s.mp4,屏显调温,5,开机亮起变温,,,true,,coze-video-assets-hlm,materials_v2/屏显调温_004_开机亮起变温_5s.mp4
屏显调温_005,屏显调温_005_开机亮起特写_6s.mp4,屏显调温,6,开机亮起特写,,,true,,coze-video-assets-hlm,materials_v2/屏显调温_005_开机亮起特写_6s.mp4
屏显调温_006,屏显调温_006_开机亮起全景_6s.mp4,屏显调温,6,开机亮起全景,,,true,,coze-video-assets-hlm,materials_v2/屏显调温_006_开机亮起全景_6s.mp4
屏显调温_007,屏显调温_007_屏显热风降到冷风_5s.mp4,屏显调温,5,屏显热风降到冷风,,,true,,coze-video-assets-hlm,materials_v2/屏显调温_007_屏显热风降到冷风_5s.mp4
屏显调温_008,屏显调温_008_屏显冷热循环_3s.mp4,屏显调温,3,屏显冷热循环,,,true,,coze-video-assets-hlm,materials_v2/屏显调温_008_屏显冷热循环_3s.mp4
屏显调温_009,屏显调温_009_分屏温度模式_4s.mp4,屏显调温,4,分屏温度模式,,,true,,coze-video-assets-hlm,materials_v2/屏显调温_009_分屏温度模式_4s.mp4
产品展示_001,产品展示_001_响指出现桌面静物展示_3s.mp4,产品展示,3,响指出现桌面静物展示,,,true,,coze-video-assets-hlm,materials_v2/产品展示_001_响指出现桌面静物展示_3s.mp4
产品展示_002,产品展示_002_抽屉里的折叠吹风机_3s.mp4,产品展示,3,抽屉里的折叠吹风机,,,true,,coze-video-assets-hlm,materials_v2/产品展示_002_抽屉里的折叠吹风机_3s.mp4
产品展示_003,产品展示_003_手指品牌logo_3s.mp4,产品展示,3,手指品牌logo,,,true,,coze-video-assets-hlm,materials_v2/产品展示_003_手指品牌logo_3s.mp4
产品展示_004,产品展示_004_手环绕吹风机轻微运镜_3s.mp4,产品展示,3,手环绕吹风机轻微运镜,,,true,,coze-video-assets-hlm,materials_v2/产品展示_004_手环绕吹风机轻微运镜_3s.mp4
产品展示_005,产品展示_005_和包装赠品同框展示_3s.mp4,产品展示,3,和包装赠品同框展示,,,true,,coze-video-assets-hlm,materials_v2/产品展示_005_和包装赠品同框展示_3s.mp4
产品展示_006,产品展示_006_摇晃特写展示_3s.mp4,产品展示,3,摇晃特写展示,,,true,,coze-video-assets-hlm,materials_v2/产品展示_006_摇晃特写展示_3s.mp4
产品展示_007,产品展示_007_按键特写_3s.mp4,产品展示,3,按键特写,,,true,,coze-video-assets-hlm,materials_v2/产品展示_007_按键特写_3s.mp4
产品展示_008,产品展示_008_屏显2种循环模式_3s.mp4,产品展示,3,屏显2种循环模式,,,true,,coze-video-assets-hlm,materials_v2/产品展示_008_屏显2种循环模式_3s.mp4
包装展示_001,包装展示_001_推入外包装正面_3s.mp4,包装展示,3,推入外包装正面,,,true,,coze-video-assets-hlm,materials_v2/包装展示_001_推入外包装正面_3s.mp4
包装展示_002,包装展示_002_放入外包装正面_3s.mp4,包装展示,3,放入外包装正面,,,true,,coze-video-assets-hlm,materials_v2/包装展示_002_放入外包装正面_3s.mp4
包装展示_003,包装展示_003_3色包装推入_2s.mp4,包装展示,2,3色包装推入,,,true,素材较短，可用于快切/转场/补充镜头,coze-video-assets-hlm,materials_v2/包装展示_003_3色包装推入_2s.mp4
包装展示_004,包装展示_004_打开外包装面盖_3s.mp4,包装展示,3,打开外包装面盖,,,true,,coze-video-assets-hlm,materials_v2/包装展示_004_打开外包装面盖_3s.mp4
包装展示_005,包装展示_005_平铺推入外包装_2s.mp4,包装展示,2,平铺推入外包装,,,true,素材较短，可用于快切/转场/补充镜头,coze-video-assets-hlm,materials_v2/包装展示_005_平铺推入外包装_2s.mp4
包装展示_006,包装展示_006_梳妆台打开外包装面盖_3s.mp4,包装展示,3,梳妆台打开外包装面盖,,,true,,coze-video-assets-hlm,materials_v2/包装展示_006_梳妆台打开外包装面盖_3s.mp4
手持展示_001,手持展示_001_单手旋转_2s.mp4,手持展示,2,单手旋转,,,true,素材较短，可用于快切/转场/补充镜头,coze-video-assets-hlm,materials_v2/手持展示_001_单手旋转_2s.mp4
手持展示_002,手持展示_002_打开状态拿入画面轻微摇晃_3s.mp4,手持展示,3,打开状态拿入画面轻微摇晃,,,true,,coze-video-assets-hlm,materials_v2/手持展示_002_打开状态拿入画面轻微摇晃_3s.mp4
手持展示_003,手持展示_003_折叠状态拿入画面轻微摇晃_2s.mp4,手持展示,2,折叠状态拿入画面轻微摇晃,,,true,素材较短，可用于快切/转场/补充镜头,coze-video-assets-hlm,materials_v2/手持展示_003_折叠状态拿入画面轻微摇晃_2s.mp4
手持展示_004,手持展示_004_手持来回旋转_2s.mp4,手持展示,2,手持来回旋转,,,true,素材较短，可用于快切/转场/补充镜头,coze-video-assets-hlm,materials_v2/手持展示_004_手持来回旋转_2s.mp4
手持展示_005,手持展示_005_手持关机并折叠放在桌上_6s.mp4,手持展示,6,手持关机并折叠放在桌上,,,true,,coze-video-assets-hlm,materials_v2/手持展示_005_手持关机并折叠放在桌上_6s.mp4
风嘴配件_001,风嘴配件_001_安装风嘴_2s.mp4,风嘴配件,2,安装风嘴,,,true,素材较短，可用于快切/转场/补充镜头,coze-video-assets-hlm,materials_v2/风嘴配件_001_安装风嘴_2s.mp4
风嘴配件_002,风嘴配件_002_搭配风嘴吹发尾_3s.mp4,风嘴配件,3,搭配风嘴吹发尾,,,true,,coze-video-assets-hlm,materials_v2/风嘴配件_002_搭配风嘴吹发尾_3s.mp4
风嘴配件_003,风嘴配件_003_安装风嘴_2s.mp4,风嘴配件,2,安装风嘴,,,true,素材较短，可用于快切/转场/补充镜头,coze-video-assets-hlm,materials_v2/风嘴配件_003_安装风嘴_2s.mp4
风嘴配件_004,风嘴配件_004_风嘴特写_3s.mp4,风嘴配件,3,风嘴特写,,,true,,coze-video-assets-hlm,materials_v2/风嘴配件_004_风嘴特写_3s.mp4
风嘴配件_005,风嘴配件_005_搭配风嘴吹发尾_4s.mp4,风嘴配件,4,搭配风嘴吹发尾,,,true,,coze-video-assets-hlm,materials_v2/风嘴配件_005_搭配风嘴吹发尾_4s.mp4
风嘴配件_006,风嘴配件_006_包装盒里的风嘴展示_2s.mp4,风嘴配件,2,包装盒里的风嘴展示,,,true,素材较短，可用于快切/转场/补充镜头,coze-video-assets-hlm,materials_v2/风嘴配件_006_包装盒里的风嘴展示_2s.mp4
风嘴配件_007,风嘴配件_007_俯拍磁吸风嘴安装特写_2s.mp4,风嘴配件,2,俯拍磁吸风嘴安装特写,,,true,素材较短，可用于快切/转场/补充镜头,coze-video-assets-hlm,materials_v2/风嘴配件_007_俯拍磁吸风嘴安装特写_2s.mp4
赠品展示_001,赠品展示_001_收纳袋展示_2s.mp4,赠品展示,2,收纳袋展示,,,true,素材较短，可用于快切/转场/补充镜头,coze-video-assets-hlm,materials_v2/赠品展示_001_收纳袋展示_2s.mp4
赠品展示_002,赠品展示_002_收纳袋打开展示_3s.mp4,赠品展示,3,收纳袋打开展示,,,true,,coze-video-assets-hlm,materials_v2/赠品展示_002_收纳袋打开展示_3s.mp4
赠品展示_003,赠品展示_003_拿入收纳袋晃晃_3s.mp4,赠品展示,3,拿入收纳袋晃晃,,,true,,coze-video-assets-hlm,materials_v2/赠品展示_003_拿入收纳袋晃晃_3s.mp4
赠品展示_004,赠品展示_004_吹风机放入收纳袋合上定格展示_3s.mp4,赠品展示,3,吹风机放入收纳袋合上定格展示,,,true,,coze-video-assets-hlm,materials_v2/赠品展示_004_吹风机放入收纳袋合上定格展示_3s.mp4
赠品展示_005,赠品展示_005_赠品收纳袋展示_3s.mp4,赠品展示,3,赠品收纳袋展示,,,true,,coze-video-assets-hlm,materials_v2/赠品展示_005_赠品收纳袋展示_3s.mp4
赠品展示_006,赠品展示_006_收纳袋扔到沙发上_1s.mp4,赠品展示,1,收纳袋扔到沙发上,,,true,素材较短，可用于快切/转场/补充镜头,coze-video-assets-hlm,materials_v2/赠品展示_006_收纳袋扔到沙发上_1s.mp4
赠品展示_007,赠品展示_007_收纳袋打开展示_3s.mp4,赠品展示,3,收纳袋打开展示,,,true,,coze-video-assets-hlm,materials_v2/赠品展示_007_收纳袋打开展示_3s.mp4
风力展示_001,风力展示_001_花朵风力_2s.mp4,风力展示,2,花朵风力,,,true,素材较短，可用于快切/转场/补充镜头,coze-video-assets-hlm,materials_v2/风力展示_001_花朵风力_2s.mp4
风力展示_002,风力展示_002_吹水风力_4s.mp4,风力展示,4,吹水风力,,,true,,coze-video-assets-hlm,materials_v2/风力展示_002_吹水风力_4s.mp4
风力展示_003,风力展示_003_吹乒乓球_4s.mp4,风力展示,4,吹乒乓球,,,true,,coze-video-assets-hlm,materials_v2/风力展示_003_吹乒乓球_4s.mp4
风力展示_004,风力展示_004_吹保鲜膜不破展示智能恒温_5s.mp4,风力展示,5,吹保鲜膜不破展示智能恒温,,,true,,coze-video-assets-hlm,materials_v2/风力展示_004_吹保鲜膜不破展示智能恒温_5s.mp4
风力展示_005,风力展示_005_吹丝带_2s.mp4,风力展示,2,吹丝带,,,true,素材较短，可用于快切/转场/补充镜头,coze-video-assets-hlm,materials_v2/风力展示_005_吹丝带_2s.mp4
风力展示_006,风力展示_006_远景切特写_2s.mp4,风力展示,2,远景切特写,,,true,素材较短，可用于快切/转场/补充镜头,coze-video-assets-hlm,materials_v2/风力展示_006_远景切特写_2s.mp4
护发效果_001,护发效果_001_半身中景_4s.mp4,护发效果,4,半身中景,,,true,,coze-video-assets-hlm,materials_v2/护发效果_001_半身中景_4s.mp4
护发效果_002,护发效果_002_坐着摸发尾_4s.mp4,护发效果,4,坐着摸发尾,,,true,,coze-video-assets-hlm,materials_v2/护发效果_002_坐着摸发尾_4s.mp4
护发效果_003,护发效果_003_对镜背面展示柔顺_3s.mp4,护发效果,3,对镜背面展示柔顺,,,true,,coze-video-assets-hlm,materials_v2/护发效果_003_对镜背面展示柔顺_3s.mp4
护发效果_004,护发效果_004_对镜美好展示_2s.mp4,护发效果,2,对镜美好展示,,,true,素材较短，可用于快切/转场/补充镜头,coze-video-assets-hlm,materials_v2/护发效果_004_对镜美好展示_2s.mp4
护发效果_005,护发效果_005_对镜甩头出门_3s.mp4,护发效果,3,对镜甩头出门,,,true,,coze-video-assets-hlm,materials_v2/护发效果_005_对镜甩头出门_3s.mp4
护发效果_006,护发效果_006_坐床边背面展示头发柔顺_3s.mp4,护发效果,3,坐床边背面展示头发柔顺,,,true,,coze-video-assets-hlm,materials_v2/护发效果_006_坐床边背面展示头发柔顺_3s.mp4
护发效果_007,护发效果_007_卫生间背面慢动作头发柔顺_3s.mp4,护发效果,3,卫生间背面慢动作头发柔顺,,,true,,coze-video-assets-hlm,materials_v2/护发效果_007_卫生间背面慢动作头发柔顺_3s.mp4
护发效果_008,护发效果_008_模特床上头发飘动_3s.mp4,护发效果,3,模特床上头发飘动,,,true,,coze-video-assets-hlm,materials_v2/护发效果_008_模特床上头发飘动_3s.mp4
护发效果_009,护发效果_009_模特背后展示柔顺_2s.mp4,护发效果,2,模特背后展示柔顺,,,true,素材较短，可用于快切/转场/补充镜头,coze-video-assets-hlm,materials_v2/护发效果_009_模特背后展示柔顺_2s.mp4
护发效果_010,护发效果_010_背面展示柔顺_2s.mp4,护发效果,2,背面展示柔顺,,,true,素材较短，可用于快切/转场/补充镜头,coze-video-assets-hlm,materials_v2/护发效果_010_背面展示柔顺_2s.mp4
手持大小对比_001,手持大小对比_001_桌面手机对比_3s.mp4,手持大小对比,3,桌面手机对比,,,true,,coze-video-assets-hlm,materials_v2/手持大小对比_001_桌面手机对比_3s.mp4
手持大小对比_002,手持大小对比_002_手拿手机对比_3s.mp4,手持大小对比,3,手拿手机对比,,,true,,coze-video-assets-hlm,materials_v2/手持大小对比_002_手拿手机对比_3s.mp4
手持大小对比_003,手持大小对比_003_手拿瓶装水变吹风机_3s.mp4,手持大小对比,3,手拿瓶装水变吹风机,,,true,,coze-video-assets-hlm,materials_v2/手持大小对比_003_手拿瓶装水变吹风机_3s.mp4
手持大小对比_004,手持大小对比_004_桌面手机对比_3s.mp4,手持大小对比,3,桌面手机对比,,,true,,coze-video-assets-hlm,materials_v2/手持大小对比_004_桌面手机对比_3s.mp4
手持大小对比_005,手持大小对比_005_桌面手机对比_3s.mp4,手持大小对比,3,桌面手机对比,,,true,,coze-video-assets-hlm,materials_v2/手持大小对比_005_桌面手机对比_3s.mp4
手持大小对比_006,手持大小对比_006_手拿瓶装水变吹风机_3s.mp4,手持大小对比,3,手拿瓶装水变吹风机,,,true,,coze-video-assets-hlm,materials_v2/手持大小对比_006_手拿瓶装水变吹风机_3s.mp4
手持大小对比_007,手持大小对比_007_拿开手机出现吹风机_2s.mp4,手持大小对比,2,拿开手机出现吹风机,,,true,素材较短，可用于快切/转场/补充镜头,coze-video-assets-hlm,materials_v2/手持大小对比_007_拿开手机出现吹风机_2s.mp4
手持大小对比_008,手持大小对比_008_一手手机一手吹风机_2s.mp4,手持大小对比,2,一手手机一手吹风机,,,true,素材较短，可用于快切/转场/补充镜头,coze-video-assets-hlm,materials_v2/手持大小对比_008_一手手机一手吹风机_2s.mp4
手持大小对比_009,手持大小对比_009_先放手机后放吹风机对比_4s.mp4,手持大小对比,4,先放手机后放吹风机对比,,,true,,coze-video-assets-hlm,materials_v2/手持大小对比_009_先放手机后放吹风机对比_4s.mp4
旅行场景_001,旅行场景_001_推门进酒店客房_4s.mp4,旅行场景,4,推门进酒店客房,,,true,,coze-video-assets-hlm,materials_v2/旅行场景_001_推门进酒店客房_4s.mp4
旅行场景_002,旅行场景_002_推箱子过酒店大堂_3s.mp4,旅行场景,3,推箱子过酒店大堂,,,true,,coze-video-assets-hlm,materials_v2/旅行场景_002_推箱子过酒店大堂_3s.mp4
旅行场景_003,旅行场景_003_酒店走廊_3s.mp4,旅行场景,3,酒店走廊,,,true,,coze-video-assets-hlm,materials_v2/旅行场景_003_酒店走廊_3s.mp4
旅行场景_004,旅行场景_004_进门环绕客房_4s.mp4,旅行场景,4,进门环绕客房,,,true,,coze-video-assets-hlm,materials_v2/旅行场景_004_进门环绕客房_4s.mp4
旅行场景_005,旅行场景_005_刷卡进客房_3s.mp4,旅行场景,3,刷卡进客房,,,true,,coze-video-assets-hlm,materials_v2/旅行场景_005_刷卡进客房_3s.mp4
旅行场景_006,旅行场景_006_客房环绕到门口_4s.mp4,旅行场景,4,客房环绕到门口,,,true,,coze-video-assets-hlm,materials_v2/旅行场景_006_客房环绕到门口_4s.mp4
旅行场景_007,旅行场景_007_进酒店大堂_3s.mp4,旅行场景,3,进酒店大堂,,,true,,coze-video-assets-hlm,materials_v2/旅行场景_007_进酒店大堂_3s.mp4
旅行场景_008,旅行场景_008_酒店大堂看书_2s.mp4,旅行场景,2,酒店大堂看书,,,true,素材较短，可用于快切/转场/补充镜头,coze-video-assets-hlm,materials_v2/旅行场景_008_酒店大堂看书_2s.mp4
旅行场景_009,旅行场景_009_机场行人_4s.mp4,旅行场景,4,机场行人,,,true,,coze-video-assets-hlm,materials_v2/旅行场景_009_机场行人_4s.mp4
旅行场景_010,旅行场景_010_健身房_3s.mp4,旅行场景,3,健身房,,,true,,coze-video-assets-hlm,materials_v2/旅行场景_010_健身房_3s.mp4
痛点共鸣_001,痛点共鸣_001_老式吹风机行李箱拉不上_3s.mp4,痛点共鸣,3,老式吹风机行李箱拉不上,,,true,,coze-video-assets-hlm,materials_v2/痛点共鸣_001_老式吹风机行李箱拉不上_3s.mp4
痛点共鸣_002,痛点共鸣_002_老式吹风机烫头皮_4s.mp4,痛点共鸣,4,老式吹风机烫头皮,,,true,,coze-video-assets-hlm,materials_v2/痛点共鸣_002_老式吹风机烫头皮_4s.mp4
痛点共鸣_003,痛点共鸣_003_客房内行李箱拉不上_5s.mp4,痛点共鸣,5,客房内行李箱拉不上,,,true,,coze-video-assets-hlm,materials_v2/痛点共鸣_003_客房内行李箱拉不上_5s.mp4
痛点共鸣_004,痛点共鸣_004_老式高温吹破保鲜膜_3s.mp4,痛点共鸣,3,老式高温吹破保鲜膜,,,true,,coze-video-assets-hlm,materials_v2/痛点共鸣_004_老式高温吹破保鲜膜_3s.mp4
痛点共鸣_005,痛点共鸣_005_客房内行李箱拉不上_4s.mp4,痛点共鸣,4,客房内行李箱拉不上,,,true,,coze-video-assets-hlm,materials_v2/痛点共鸣_005_客房内行李箱拉不上_4s.mp4
痛点共鸣_006,痛点共鸣_006_沙发上老式吹风烫头皮_3s.mp4,痛点共鸣,3,沙发上老式吹风烫头皮,,,true,,coze-video-assets-hlm,materials_v2/痛点共鸣_006_沙发上老式吹风烫头皮_3s.mp4
痛点共鸣_007,痛点共鸣_007_老式吹风吹完有味道_5s.mp4,痛点共鸣,5,老式吹风吹完有味道,,,true,,coze-video-assets-hlm,materials_v2/痛点共鸣_007_老式吹风吹完有味道_5s.mp4
痛点共鸣_008,痛点共鸣_008_老式吹风吹完头发打结_3s.mp4,痛点共鸣,3,老式吹风吹完头发打结,,,true,,coze-video-assets-hlm,materials_v2/痛点共鸣_008_老式吹风吹完头发打结_3s.mp4
痛点共鸣_009,痛点共鸣_009_新旧吹风机行李箱收纳对比_3s.mp4,痛点共鸣,3,新旧吹风机行李箱收纳对比,,,true,,coze-video-assets-hlm,materials_v2/痛点共鸣_009_新旧吹风机行李箱收纳对比_3s.mp4
价格促销_001,价格促销_001_搭配促销权益_2s.mp4,价格促销,2,搭配促销权益,,,true,素材较短，可用于快切/转场/补充镜头,coze-video-assets-hlm,materials_v2/价格促销_001_搭配促销权益_2s.mp4
价格促销_002,价格促销_002_全物品展示_2s.mp4,价格促销,2,全物品展示,,,true,素材较短，可用于快切/转场/补充镜头,coze-video-assets-hlm,materials_v2/价格促销_002_全物品展示_2s.mp4
价格促销_003,价格促销_003_包装展示特效_3s.mp4,价格促销,3,包装展示特效,,,true,,coze-video-assets-hlm,materials_v2/价格促销_003_包装展示特效_3s.mp4
价格促销_004,价格促销_004_轻微运镜到桌上产品_2s.mp4,价格促销,2,轻微运镜到桌上产品,,,true,素材较短，可用于快切/转场/补充镜头,coze-video-assets-hlm,materials_v2/价格促销_004_轻微运镜到桌上产品_2s.mp4
CTA促单_001,CTA促单_001_产品定格收尾_2s.mp4,CTA促单,2,产品定格收尾,,,true,素材较短，可用于快切/转场/补充镜头,coze-video-assets-hlm,materials_v2/CTA促单_001_产品定格收尾_2s.mp4
CTA促单_002,CTA促单_002_购买提醒收尾_2s.mp4,CTA促单,2,购买提醒收尾,,,true,素材较短，可用于快切/转场/补充镜头,coze-video-assets-hlm,materials_v2/CTA促单_002_购买提醒收尾_2s.mp4
CTA促单_003,CTA促单_003_产品全展示运镜_3s.mp4,CTA促单,3,产品全展示运镜,,,true,,coze-video-assets-hlm,materials_v2/CTA促单_003_产品全展示运镜_3s.mp4
CTA促单_004,CTA促单_004_产品拿开后桌面静物展示_2s.mp4,CTA促单,2,产品拿开后桌面静物展示,,,true,素材较短，可用于快切/转场/补充镜头,coze-video-assets-hlm,materials_v2/CTA促单_004_产品拿开后桌面静物展示_2s.mp4
